product,category,title,question,answer,source_type,keywords,status
After Blank Miracle,Produk,Apa itu After Blank Miracle?,Apa itu After Blank Miracle?,After Blank Miracle merupakan produk dari PT Naturalva Herba Indonesia yang digunakan sesuai petunjuk pada kemasan.,product,"After Blank Miracle,produk",published
After Blank Miracle,FAQ,Apakah After Blank Miracle aman digunakan setiap hari?,Apakah After Blank Miracle aman digunakan setiap hari?,"Gunakan sesuai petunjuk pada kemasan. Jika digunakan dalam jangka panjang, konsultasikan dengan tenaga kesehatan bila diperlukan.",faq,"After Blank Miracle,harian",published
After Blank Miracle,FAQ,Apakah After Blank Miracle menggantikan obat dokter?,Apakah After Blank Miracle menggantikan obat dokter?,Tidak. After Blank Miracle bukan pengganti obat atau terapi dari dokter.,faq,"After Blank Miracle,faq",published
After Blank Miracle,Manfaat,Apa manfaat After Blank Miracle?,Apa manfaat After Blank Miracle?,After Blank Miracle dirancang untuk membantu sesuai tujuan penggunaan produk sebagai bagian dari pola hidup sehat.,product,"After Blank Miracle,manfaat",published
After Blank Miracle,FAQ,Apa yang harus dilakukan jika lupa menggunakan After Blank Miracle?,Apa yang harus dilakukan jika lupa menggunakan After Blank Miracle?,Gunakan kembali sesuai jadwal berikutnya dan jangan menggandakan penggunaan.,faq,"After Blank Miracle,lupa",published
After Blank Miracle,Penggunaan,Bagaimana cara menggunakan After Blank Miracle?,Bagaimana cara menggunakan After Blank Miracle?,Gunakan After Blank Miracle sesuai petunjuk penggunaan pada kemasan. Ikuti aturan penggunaan dan hentikan pemakaian bila terjadi reaksi yang tidak diinginkan.,sop,"After Blank Miracle,cara",published
After Blank Miracle,Penyimpanan,Bagaimana cara menyimpan After Blank Miracle?,Bagaimana cara menyimpan After Blank Miracle?,"Simpan After Blank Miracle di tempat yang sejuk, kering, dan terhindar dari sinar matahari langsung.",product,"After Blank Miracle,penyimpanan",published
After Blank Miracle,FAQ,Bagaimana jika muncul reaksi yang tidak diinginkan setelah menggunakan After Blank Miracle?,Bagaimana jika muncul reaksi yang tidak diinginkan setelah menggunakan After Blank Miracle?,Hentikan penggunaan dan konsultasikan dengan tenaga kesehatan apabila keluhan berlanjut.,faq,"After Blank Miracle,efek",published
After Blank Miracle,FAQ,Kapan sebaiknya menggunakan After Blank Miracle?,Kapan sebaiknya menggunakan After Blank Miracle?,Gunakan After Blank Miracle sesuai kebutuhan dan aturan penggunaan yang tercantum pada kemasan.,faq,"After Blank Miracle,waktu",published
After Blank Miracle,Peringatan,Siapa yang perlu berhati-hati menggunakan After Blank Miracle?,Siapa yang perlu berhati-hati menggunakan After Blank Miracle?,"Ibu hamil, ibu menyusui, anak-anak, atau pengguna dengan kondisi kesehatan tertentu sebaiknya berkonsultasi dengan tenaga kesehatan sebelum menggunakan After Blank Miracle.",product,"After Blank Miracle,peringatan",published
Beryla Baby Soothing Massage Oil,Produk,Apa itu Beryla Baby Soothing Massage Oil?,Apa itu Beryla Baby Soothing Massage Oil?,Beryla Baby Soothing Massage Oil merupakan produk dari PT Naturalva Herba Indonesia yang digunakan sesuai petunjuk pada kemasan.,product,"Beryla Baby Soothing Massage Oil,produk",published
Beryla Baby Soothing Massage Oil,FAQ,Apakah Beryla Baby Soothing Massage Oil aman digunakan setiap hari?,Apakah Beryla Baby Soothing Massage Oil aman digunakan setiap hari?,"Gunakan sesuai petunjuk pada kemasan. Jika digunakan dalam jangka panjang, konsultasikan dengan tenaga kesehatan bila diperlukan.",faq,"Beryla Baby Soothing Massage Oil,harian",published
Beryla Baby Soothing Massage Oil,FAQ,Apakah Beryla Baby Soothing Massage Oil menggantikan obat dokter?,Apakah Beryla Baby Soothing Massage Oil menggantikan obat dokter?,Tidak. Beryla Baby Soothing Massage Oil bukan pengganti obat atau terapi dari dokter.,faq,"Beryla Baby Soothing Massage Oil,faq",published
Beryla Baby Soothing Massage Oil,Manfaat,Apa manfaat Beryla Baby Soothing Massage Oil?,Apa manfaat Beryla Baby Soothing Massage Oil?,Beryla Baby Soothing Massage Oil dirancang untuk membantu sesuai tujuan penggunaan produk sebagai bagian dari pola hidup sehat.,product,"Beryla Baby Soothing Massage Oil,manfaat",published
Beryla Baby Soothing Massage Oil,FAQ,Apa yang harus dilakukan jika lupa menggunakan Beryla Baby Soothing Massage Oil?,Apa yang harus dilakukan jika lupa menggunakan Beryla Baby Soothing Massage Oil?,Gunakan kembali sesuai jadwal berikutnya dan jangan menggandakan penggunaan.,faq,"Beryla Baby Soothing Massage Oil,lupa",published
Beryla Baby Soothing Massage Oil,Penggunaan,Bagaimana cara menggunakan Beryla Baby Soothing Massage Oil?,Bagaimana cara menggunakan Beryla Baby Soothing Massage Oil?,Gunakan Beryla Baby Soothing Massage Oil sesuai petunjuk penggunaan pada kemasan. Ikuti aturan penggunaan dan hentikan pemakaian bila terjadi reaksi yang tidak diinginkan.,sop,"Beryla Baby Soothing Massage Oil,cara",published
Beryla Baby Soothing Massage Oil,Penyimpanan,Bagaimana cara menyimpan Beryla Baby Soothing Massage Oil?,Bagaimana cara menyimpan Beryla Baby Soothing Massage Oil?,"Simpan Beryla Baby Soothing Massage Oil di tempat yang sejuk, kering, dan terhindar dari sinar matahari langsung.",product,"Beryla Baby Soothing Massage Oil,penyimpanan",published
Beryla Baby Soothing Massage Oil,FAQ,Bagaimana jika muncul reaksi yang tidak diinginkan setelah menggunakan Beryla Baby Soothing Massage Oil?,Bagaimana jika muncul reaksi yang tidak diinginkan setelah menggunakan Beryla Baby Soothing Massage Oil?,Hentikan penggunaan dan konsultasikan dengan tenaga kesehatan apabila keluhan berlanjut.,faq,"Beryla Baby Soothing Massage Oil,efek",published
Beryla Baby Soothing Massage Oil,FAQ,Kapan sebaiknya menggunakan Beryla Baby Soothing Massage Oil?,Kapan sebaiknya menggunakan Beryla Baby Soothing Massage Oil?,Gunakan Beryla Baby Soothing Massage Oil sesuai kebutuhan dan aturan penggunaan yang tercantum pada kemasan.,faq,"Beryla Baby Soothing Massage Oil,waktu",published
Beryla Baby Soothing Massage Oil,Peringatan,Siapa yang perlu berhati-hati menggunakan Beryla Baby Soothing Massage Oil?,Siapa yang perlu berhati-hati menggunakan Beryla Baby Soothing Massage Oil?,"Ibu hamil, ibu menyusui, anak-anak, atau pengguna dengan kondisi kesehatan tertentu sebaiknya berkonsultasi dengan tenaga kesehatan sebelum menggunakan Beryla Baby Soothing Massage Oil.",product,"Beryla Baby Soothing Massage Oil,peringatan",published
Beryla Coconut Oil,Produk,Apa itu Beryla Coconut Oil?,Apa itu Beryla Coconut Oil?,Beryla Coconut Oil merupakan produk dari PT Naturalva Herba Indonesia yang digunakan sesuai petunjuk pada kemasan.,product,"Beryla Coconut Oil,produk",published
Beryla Coconut Oil,FAQ,Apakah Beryla Coconut Oil aman digunakan setiap hari?,Apakah Beryla Coconut Oil aman digunakan setiap hari?,"Gunakan sesuai petunjuk pada kemasan. Jika digunakan dalam jangka panjang, konsultasikan dengan tenaga kesehatan bila diperlukan.",faq,"Beryla Coconut Oil,harian",published
Beryla Coconut Oil,FAQ,Apakah Beryla Coconut Oil menggantikan obat dokter?,Apakah Beryla Coconut Oil menggantikan obat dokter?,Tidak. Beryla Coconut Oil bukan pengganti obat atau terapi dari dokter.,faq,"Beryla Coconut Oil,faq",published
Beryla Coconut Oil,Manfaat,Apa manfaat Beryla Coconut Oil?,Apa manfaat Beryla Coconut Oil?,Beryla Coconut Oil dirancang untuk membantu sesuai tujuan penggunaan produk sebagai bagian dari pola hidup sehat.,product,"Beryla Coconut Oil,manfaat",published
Beryla Coconut Oil,FAQ,Apa yang harus dilakukan jika lupa menggunakan Beryla Coconut Oil?,Apa yang harus dilakukan jika lupa menggunakan Beryla Coconut Oil?,Gunakan kembali sesuai jadwal berikutnya dan jangan menggandakan penggunaan.,faq,"Beryla Coconut Oil,lupa",published
Beryla Coconut Oil,Penggunaan,Bagaimana cara menggunakan Beryla Coconut Oil?,Bagaimana cara menggunakan Beryla Coconut Oil?,Gunakan Beryla Coconut Oil sesuai petunjuk penggunaan pada kemasan. Ikuti aturan penggunaan dan hentikan pemakaian bila terjadi reaksi yang tidak diinginkan.,sop,"Beryla Coconut Oil,cara",published
Beryla Coconut Oil,Penyimpanan,Bagaimana cara menyimpan Beryla Coconut Oil?,Bagaimana cara menyimpan Beryla Coconut Oil?,"Simpan Beryla Coconut Oil di tempat yang sejuk, kering, dan terhindar dari sinar matahari langsung.",product,"Beryla Coconut Oil,penyimpanan",published
Beryla Coconut Oil,FAQ,Bagaimana jika muncul reaksi yang tidak diinginkan setelah menggunakan Beryla Coconut Oil?,Bagaimana jika muncul reaksi yang tidak diinginkan setelah menggunakan Beryla Coconut Oil?,Hentikan penggunaan dan konsultasikan dengan tenaga kesehatan apabila keluhan berlanjut.,faq,"Beryla Coconut Oil,efek",published
Beryla Coconut Oil,FAQ,Kapan sebaiknya menggunakan Beryla Coconut Oil?,Kapan sebaiknya menggunakan Beryla Coconut Oil?,Gunakan Beryla Coconut Oil sesuai kebutuhan dan aturan penggunaan yang tercantum pada kemasan.,faq,"Beryla Coconut Oil,waktu",published
Beryla Coconut Oil,Peringatan,Siapa yang perlu berhati-hati menggunakan Beryla Coconut Oil?,Siapa yang perlu berhati-hati menggunakan Beryla Coconut Oil?,"Ibu hamil, ibu menyusui, anak-anak, atau pengguna dengan kondisi kesehatan tertentu sebaiknya berkonsultasi dengan tenaga kesehatan sebelum menggunakan Beryla Coconut Oil.",product,"Beryla Coconut Oil,peringatan",published
Beryla Minyak Telon,Produk,Apa itu Beryla Minyak Telon?,Apa itu Beryla Minyak Telon?,Beryla Minyak Telon merupakan produk dari PT Naturalva Herba Indonesia yang digunakan sesuai petunjuk pada kemasan.,product,"Beryla Minyak Telon,produk",published
Beryla Minyak Telon,FAQ,Apakah Beryla Minyak Telon aman digunakan setiap hari?,Apakah Beryla Minyak Telon aman digunakan setiap hari?,"Gunakan sesuai petunjuk pada kemasan. Jika digunakan dalam jangka panjang, konsultasikan dengan tenaga kesehatan bila diperlukan.",faq,"Beryla Minyak Telon,harian",published
Beryla Minyak Telon,FAQ,Apakah Beryla Minyak Telon menggantikan obat dokter?,Apakah Beryla Minyak Telon menggantikan obat dokter?,Tidak. Beryla Minyak Telon bukan pengganti obat atau terapi dari dokter.,faq,"Beryla Minyak Telon,faq",published
Beryla Minyak Telon,Manfaat,Apa manfaat Beryla Minyak Telon?,Apa manfaat Beryla Minyak Telon?,Beryla Minyak Telon dirancang untuk membantu sesuai tujuan penggunaan produk sebagai bagian dari pola hidup sehat.,product,"Beryla Minyak Telon,manfaat",published
Beryla Minyak Telon,FAQ,Apa yang harus dilakukan jika lupa menggunakan Beryla Minyak Telon?,Apa yang harus dilakukan jika lupa menggunakan Beryla Minyak Telon?,Gunakan kembali sesuai jadwal berikutnya dan jangan menggandakan penggunaan.,faq,"Beryla Minyak Telon,lupa",published
Beryla Minyak Telon,Penggunaan,Bagaimana cara menggunakan Beryla Minyak Telon?,Bagaimana cara menggunakan Beryla Minyak Telon?,Gunakan Beryla Minyak Telon sesuai petunjuk penggunaan pada kemasan. Ikuti aturan penggunaan dan hentikan pemakaian bila terjadi reaksi yang tidak diinginkan.,sop,"Beryla Minyak Telon,cara",published
Beryla Minyak Telon,Penyimpanan,Bagaimana cara menyimpan Beryla Minyak Telon?,Bagaimana cara menyimpan Beryla Minyak Telon?,"Simpan Beryla Minyak Telon di tempat yang sejuk, kering, dan terhindar dari sinar matahari langsung.",product,"Beryla Minyak Telon,penyimpanan",published
Beryla Minyak Telon,FAQ,Bagaimana jika muncul reaksi yang tidak diinginkan setelah menggunakan Beryla Minyak Telon?,Bagaimana jika muncul reaksi yang tidak diinginkan setelah menggunakan Beryla Minyak Telon?,Hentikan penggunaan dan konsultasikan dengan tenaga kesehatan apabila keluhan berlanjut.,faq,"Beryla Minyak Telon,efek",published
Beryla Minyak Telon,FAQ,Kapan sebaiknya menggunakan Beryla Minyak Telon?,Kapan sebaiknya menggunakan Beryla Minyak Telon?,Gunakan Beryla Minyak Telon sesuai kebutuhan dan aturan penggunaan yang tercantum pada kemasan.,faq,"Beryla Minyak Telon,waktu",published
Beryla Minyak Telon,Peringatan,Siapa yang perlu berhati-hati menggunakan Beryla Minyak Telon?,Siapa yang perlu berhati-hati menggunakan Beryla Minyak Telon?,"Ibu hamil, ibu menyusui, anak-anak, atau pengguna dengan kondisi kesehatan tertentu sebaiknya berkonsultasi dengan tenaga kesehatan sebelum menggunakan Beryla Minyak Telon.",product,"Beryla Minyak Telon,peringatan",published
Beryla Mom Stretch Mark Oil,Produk,Apa itu Beryla Mom Stretch Mark Oil?,Apa itu Beryla Mom Stretch Mark Oil?,Beryla Mom Stretch Mark Oil merupakan produk dari PT Naturalva Herba Indonesia yang digunakan sesuai petunjuk pada kemasan.,product,"Beryla Mom Stretch Mark Oil,produk",published
Beryla Mom Stretch Mark Oil,FAQ,Apakah Beryla Mom Stretch Mark Oil aman digunakan setiap hari?,Apakah Beryla Mom Stretch Mark Oil aman digunakan setiap hari?,"Gunakan sesuai petunjuk pada kemasan. Jika digunakan dalam jangka panjang, konsultasikan dengan tenaga kesehatan bila diperlukan.",faq,"Beryla Mom Stretch Mark Oil,harian",published
Beryla Mom Stretch Mark Oil,FAQ,Apakah Beryla Mom Stretch Mark Oil menggantikan obat dokter?,Apakah Beryla Mom Stretch Mark Oil menggantikan obat dokter?,Tidak. Beryla Mom Stretch Mark Oil bukan pengganti obat atau terapi dari dokter.,faq,"Beryla Mom Stretch Mark Oil,faq",published
Beryla Mom Stretch Mark Oil,Manfaat,Apa manfaat Beryla Mom Stretch Mark Oil?,Apa manfaat Beryla Mom Stretch Mark Oil?,Beryla Mom Stretch Mark Oil dirancang untuk membantu sesuai tujuan penggunaan produk sebagai bagian dari pola hidup sehat.,product,"Beryla Mom Stretch Mark Oil,manfaat",published
Beryla Mom Stretch Mark Oil,FAQ,Apa yang harus dilakukan jika lupa menggunakan Beryla Mom Stretch Mark Oil?,Apa yang harus dilakukan jika lupa menggunakan Beryla Mom Stretch Mark Oil?,Gunakan kembali sesuai jadwal berikutnya dan jangan menggandakan penggunaan.,faq,"Beryla Mom Stretch Mark Oil,lupa",published
Beryla Mom Stretch Mark Oil,Penggunaan,Bagaimana cara menggunakan Beryla Mom Stretch Mark Oil?,Bagaimana cara menggunakan Beryla Mom Stretch Mark Oil?,Gunakan Beryla Mom Stretch Mark Oil sesuai petunjuk penggunaan pada kemasan. Ikuti aturan penggunaan dan hentikan pemakaian bila terjadi reaksi yang tidak diinginkan.,sop,"Beryla Mom Stretch Mark Oil,cara",published
Beryla Mom Stretch Mark Oil,Penyimpanan,Bagaimana cara menyimpan Beryla Mom Stretch Mark Oil?,Bagaimana cara menyimpan Beryla Mom Stretch Mark Oil?,"Simpan Beryla Mom Stretch Mark Oil di tempat yang sejuk, kering, dan terhindar dari sinar matahari langsung.",product,"Beryla Mom Stretch Mark Oil,penyimpanan",published
Beryla Mom Stretch Mark Oil,FAQ,Bagaimana jika muncul reaksi yang tidak diinginkan setelah menggunakan Beryla Mom Stretch Mark Oil?,Bagaimana jika muncul reaksi yang tidak diinginkan setelah menggunakan Beryla Mom Stretch Mark Oil?,Hentikan penggunaan dan konsultasikan dengan tenaga kesehatan apabila keluhan berlanjut.,faq,"Beryla Mom Stretch Mark Oil,efek",published
Beryla Mom Stretch Mark Oil,FAQ,Kapan sebaiknya menggunakan Beryla Mom Stretch Mark Oil?,Kapan sebaiknya menggunakan Beryla Mom Stretch Mark Oil?,Gunakan Beryla Mom Stretch Mark Oil sesuai kebutuhan dan aturan penggunaan yang tercantum pada kemasan.,faq,"Beryla Mom Stretch Mark Oil,waktu",published
Beryla Mom Stretch Mark Oil,Peringatan,Siapa yang perlu berhati-hati menggunakan Beryla Mom Stretch Mark Oil?,Siapa yang perlu berhati-hati menggunakan Beryla Mom Stretch Mark Oil?,"Ibu hamil, ibu menyusui, anak-anak, atau pengguna dengan kondisi kesehatan tertentu sebaiknya berkonsultasi dengan tenaga kesehatan sebelum menggunakan Beryla Mom Stretch Mark Oil.",product,"Beryla Mom Stretch Mark Oil,peringatan",published
Beryla Virgin Olive Oil,Produk,Apa itu Beryla Virgin Olive Oil?,Apa itu Beryla Virgin Olive Oil?,Beryla Virgin Olive Oil merupakan produk dari PT Naturalva Herba Indonesia yang digunakan sesuai petunjuk pada kemasan.,product,"Beryla Virgin Olive Oil,produk",published
Beryla Virgin Olive Oil,FAQ,Apakah Beryla Virgin Olive Oil aman digunakan setiap hari?,Apakah Beryla Virgin Olive Oil aman digunakan setiap hari?,"Gunakan sesuai petunjuk pada kemasan. Jika digunakan dalam jangka panjang, konsultasikan dengan tenaga kesehatan bila diperlukan.",faq,"Beryla Virgin Olive Oil,harian",published
Beryla Virgin Olive Oil,FAQ,Apakah Beryla Virgin Olive Oil menggantikan obat dokter?,Apakah Beryla Virgin Olive Oil menggantikan obat dokter?,Tidak. Beryla Virgin Olive Oil bukan pengganti obat atau terapi dari dokter.,faq,"Beryla Virgin Olive Oil,faq",published
Beryla Virgin Olive Oil,Manfaat,Apa manfaat Beryla Virgin Olive Oil?,Apa manfaat Beryla Virgin Olive Oil?,Beryla Virgin Olive Oil dirancang untuk membantu sesuai tujuan penggunaan produk sebagai bagian dari pola hidup sehat.,product,"Beryla Virgin Olive Oil,manfaat",published
Beryla Virgin Olive Oil,FAQ,Apa yang harus dilakukan jika lupa menggunakan Beryla Virgin Olive Oil?,Apa yang harus dilakukan jika lupa menggunakan Beryla Virgin Olive Oil?,Gunakan kembali sesuai jadwal berikutnya dan jangan menggandakan penggunaan.,faq,"Beryla Virgin Olive Oil,lupa",published
Beryla Virgin Olive Oil,Penggunaan,Bagaimana cara menggunakan Beryla Virgin Olive Oil?,Bagaimana cara menggunakan Beryla Virgin Olive Oil?,Gunakan Beryla Virgin Olive Oil sesuai petunjuk penggunaan pada kemasan. Ikuti aturan penggunaan dan hentikan pemakaian bila terjadi reaksi yang tidak diinginkan.,sop,"Beryla Virgin Olive Oil,cara",published
Beryla Virgin Olive Oil,Penyimpanan,Bagaimana cara menyimpan Beryla Virgin Olive Oil?,Bagaimana cara menyimpan Beryla Virgin Olive Oil?,"Simpan Beryla Virgin Olive Oil di tempat yang sejuk, kering, dan terhindar dari sinar matahari langsung.",product,"Beryla Virgin Olive Oil,penyimpanan",published
Beryla Virgin Olive Oil,FAQ,Bagaimana jika muncul reaksi yang tidak diinginkan setelah menggunakan Beryla Virgin Olive Oil?,Bagaimana jika muncul reaksi yang tidak diinginkan setelah menggunakan Beryla Virgin Olive Oil?,Hentikan penggunaan dan konsultasikan dengan tenaga kesehatan apabila keluhan berlanjut.,faq,"Beryla Virgin Olive Oil,efek",published
Beryla Virgin Olive Oil,FAQ,Kapan sebaiknya menggunakan Beryla Virgin Olive Oil?,Kapan sebaiknya menggunakan Beryla Virgin Olive Oil?,Gunakan Beryla Virgin Olive Oil sesuai kebutuhan dan aturan penggunaan yang tercantum pada kemasan.,faq,"Beryla Virgin Olive Oil,waktu",published
Beryla Virgin Olive Oil,Peringatan,Siapa yang perlu berhati-hati menggunakan Beryla Virgin Olive Oil?,Siapa yang perlu berhati-hati menggunakan Beryla Virgin Olive Oil?,"Ibu hamil, ibu menyusui, anak-anak, atau pengguna dengan kondisi kesehatan tertentu sebaiknya berkonsultasi dengan tenaga kesehatan sebelum menggunakan Beryla Virgin Olive Oil.",product,"Beryla Virgin Olive Oil,peringatan",published
Caladeva Herba,Produk,Apa itu Caladeva Herba?,Apa itu Caladeva Herba?,Caladeva Herba merupakan produk dari PT Naturalva Herba Indonesia yang digunakan sesuai petunjuk pada kemasan.,product,"Caladeva Herba,produk",published
Caladeva Herba,FAQ,Apakah Caladeva Herba aman digunakan setiap hari?,Apakah Caladeva Herba aman digunakan setiap hari?,"Gunakan sesuai petunjuk pada kemasan. Jika digunakan dalam jangka panjang, konsultasikan dengan tenaga kesehatan bila diperlukan.",faq,"Caladeva Herba,harian",published
Caladeva Herba,FAQ,Apakah Caladeva Herba menggantikan obat dokter?,Apakah Caladeva Herba menggantikan obat dokter?,Tidak. Caladeva Herba bukan pengganti obat atau terapi dari dokter.,faq,"Caladeva Herba,faq",published
Caladeva Herba,Manfaat,Apa manfaat Caladeva Herba?,Apa manfaat Caladeva Herba?,Caladeva Herba dirancang untuk membantu sesuai tujuan penggunaan produk sebagai bagian dari pola hidup sehat.,product,"Caladeva Herba,manfaat",published
Caladeva Herba,FAQ,Apa yang harus dilakukan jika lupa menggunakan Caladeva Herba?,Apa yang harus dilakukan jika lupa menggunakan Caladeva Herba?,Gunakan kembali sesuai jadwal berikutnya dan jangan menggandakan penggunaan.,faq,"Caladeva Herba,lupa",published
Caladeva Herba,Penggunaan,Bagaimana cara menggunakan Caladeva Herba?,Bagaimana cara menggunakan Caladeva Herba?,Gunakan Caladeva Herba sesuai petunjuk penggunaan pada kemasan. Ikuti aturan penggunaan dan hentikan pemakaian bila terjadi reaksi yang tidak diinginkan.,sop,"Caladeva Herba,cara",published
Caladeva Herba,Penyimpanan,Bagaimana cara menyimpan Caladeva Herba?,Bagaimana cara menyimpan Caladeva Herba?,"Simpan Caladeva Herba di tempat yang sejuk, kering, dan terhindar dari sinar matahari langsung.",product,"Caladeva Herba,penyimpanan",published
Caladeva Herba,FAQ,Bagaimana jika muncul reaksi yang tidak diinginkan setelah menggunakan Caladeva Herba?,Bagaimana jika muncul reaksi yang tidak diinginkan setelah menggunakan Caladeva Herba?,Hentikan penggunaan dan konsultasikan dengan tenaga kesehatan apabila keluhan berlanjut.,faq,"Caladeva Herba,efek",published
Caladeva Herba,FAQ,Kapan sebaiknya menggunakan Caladeva Herba?,Kapan sebaiknya menggunakan Caladeva Herba?,Gunakan Caladeva Herba sesuai kebutuhan dan aturan penggunaan yang tercantum pada kemasan.,faq,"Caladeva Herba,waktu",published
Caladeva Herba,Peringatan,Siapa yang perlu berhati-hati menggunakan Caladeva Herba?,Siapa yang perlu berhati-hati menggunakan Caladeva Herba?,"Ibu hamil, ibu menyusui, anak-anak, atau pengguna dengan kondisi kesehatan tertentu sebaiknya berkonsultasi dengan tenaga kesehatan sebelum menggunakan Caladeva Herba.",product,"Caladeva Herba,peringatan",published
Detobets,Produk,Apa itu Detobets?,Apa itu Detobets?,Detobets merupakan produk dari PT Naturalva Herba Indonesia yang digunakan sesuai petunjuk pada kemasan.,product,"Detobets,produk",published
Detobets,FAQ,Apakah Detobets aman digunakan setiap hari?,Apakah Detobets aman digunakan setiap hari?,"Gunakan sesuai petunjuk pada kemasan. Jika digunakan dalam jangka panjang, konsultasikan dengan tenaga kesehatan bila diperlukan.",faq,"Detobets,harian",published
Detobets,FAQ,Apakah Detobets menggantikan obat dokter?,Apakah Detobets menggantikan obat dokter?,Tidak. Detobets bukan pengganti obat atau terapi dari dokter.,faq,"Detobets,faq",published
Detobets,Manfaat,Apa manfaat Detobets?,Apa manfaat Detobets?,Detobets dirancang untuk membantu sesuai tujuan penggunaan produk sebagai bagian dari pola hidup sehat.,product,"Detobets,manfaat",published
Detobets,FAQ,Apa yang harus dilakukan jika lupa menggunakan Detobets?,Apa yang harus dilakukan jika lupa menggunakan Detobets?,Gunakan kembali sesuai jadwal berikutnya dan jangan menggandakan penggunaan.,faq,"Detobets,lupa",published
Detobets,Penggunaan,Bagaimana cara menggunakan Detobets?,Bagaimana cara menggunakan Detobets?,Gunakan Detobets sesuai petunjuk penggunaan pada kemasan. Ikuti aturan penggunaan dan hentikan pemakaian bila terjadi reaksi yang tidak diinginkan.,sop,"Detobets,cara",published
Detobets,Penyimpanan,Bagaimana cara menyimpan Detobets?,Bagaimana cara menyimpan Detobets?,"Simpan Detobets di tempat yang sejuk, kering, dan terhindar dari sinar matahari langsung.",product,"Detobets,penyimpanan",published
Detobets,FAQ,Bagaimana jika muncul reaksi yang tidak diinginkan setelah menggunakan Detobets?,Bagaimana jika muncul reaksi yang tidak diinginkan setelah menggunakan Detobets?,Hentikan penggunaan dan konsultasikan dengan tenaga kesehatan apabila keluhan berlanjut.,faq,"Detobets,efek",published
Detobets,FAQ,Kapan sebaiknya menggunakan Detobets?,Kapan sebaiknya menggunakan Detobets?,Gunakan Detobets sesuai kebutuhan dan aturan penggunaan yang tercantum pada kemasan.,faq,"Detobets,waktu",published
Detobets,Peringatan,Siapa yang perlu berhati-hati menggunakan Detobets?,Siapa yang perlu berhati-hati menggunakan Detobets?,"Ibu hamil, ibu menyusui, anak-anak, atau pengguna dengan kondisi kesehatan tertentu sebaiknya berkonsultasi dengan tenaga kesehatan sebelum menggunakan Detobets.",product,"Detobets,peringatan",published
DetoGreen Honey,Produk,Apa itu DetoGreen Honey?,Apa itu DetoGreen Honey?,DetoGreen Honey merupakan produk dari PT Naturalva Herba Indonesia yang digunakan sesuai petunjuk pada kemasan.,product,"DetoGreen Honey,produk",published
DetoGreen Honey,FAQ,Apakah DetoGreen Honey aman digunakan setiap hari?,Apakah DetoGreen Honey aman digunakan setiap hari?,"Gunakan sesuai petunjuk pada kemasan. Jika digunakan dalam jangka panjang, konsultasikan dengan tenaga kesehatan bila diperlukan.",faq,"DetoGreen Honey,harian",published
DetoGreen Honey,FAQ,Apakah DetoGreen Honey menggantikan obat dokter?,Apakah DetoGreen Honey menggantikan obat dokter?,Tidak. DetoGreen Honey bukan pengganti obat atau terapi dari dokter.,faq,"DetoGreen Honey,faq",published
DetoGreen Honey,Manfaat,Apa manfaat DetoGreen Honey?,Apa manfaat DetoGreen Honey?,DetoGreen Honey dirancang untuk membantu sesuai tujuan penggunaan produk sebagai bagian dari pola hidup sehat.,product,"DetoGreen Honey,manfaat",published
DetoGreen Honey,FAQ,Apa yang harus dilakukan jika lupa menggunakan DetoGreen Honey?,Apa yang harus dilakukan jika lupa menggunakan DetoGreen Honey?,Gunakan kembali sesuai jadwal berikutnya dan jangan menggandakan penggunaan.,faq,"DetoGreen Honey,lupa",published
DetoGreen Honey,Penggunaan,Bagaimana cara menggunakan DetoGreen Honey?,Bagaimana cara menggunakan DetoGreen Honey?,Gunakan DetoGreen Honey sesuai petunjuk penggunaan pada kemasan. Ikuti aturan penggunaan dan hentikan pemakaian bila terjadi reaksi yang tidak diinginkan.,sop,"DetoGreen Honey,cara",published
DetoGreen Honey,Penyimpanan,Bagaimana cara menyimpan DetoGreen Honey?,Bagaimana cara menyimpan DetoGreen Honey?,"Simpan DetoGreen Honey di tempat yang sejuk, kering, dan terhindar dari sinar matahari langsung.",product,"DetoGreen Honey,penyimpanan",published
DetoGreen Honey,FAQ,Bagaimana jika muncul reaksi yang tidak diinginkan setelah menggunakan DetoGreen Honey?,Bagaimana jika muncul reaksi yang tidak diinginkan setelah menggunakan DetoGreen Honey?,Hentikan penggunaan dan konsultasikan dengan tenaga kesehatan apabila keluhan berlanjut.,faq,"DetoGreen Honey,efek",published
DetoGreen Honey,FAQ,Kapan sebaiknya menggunakan DetoGreen Honey?,Kapan sebaiknya menggunakan DetoGreen Honey?,Gunakan DetoGreen Honey sesuai kebutuhan dan aturan penggunaan yang tercantum pada kemasan.,faq,"DetoGreen Honey,waktu",published
DetoGreen Honey,Peringatan,Siapa yang perlu berhati-hati menggunakan DetoGreen Honey?,Siapa yang perlu berhati-hati menggunakan DetoGreen Honey?,"Ibu hamil, ibu menyusui, anak-anak, atau pengguna dengan kondisi kesehatan tertentu sebaiknya berkonsultasi dengan tenaga kesehatan sebelum menggunakan DetoGreen Honey.",product,"DetoGreen Honey,peringatan",published
DetoGreen Tea,Produk,Apa itu DetoGreen Tea?,Apa itu DetoGreen Tea?,DetoGreen Tea merupakan produk dari PT Naturalva Herba Indonesia yang digunakan sesuai petunjuk pada kemasan.,product,"DetoGreen Tea,produk",published
DetoGreen Tea,FAQ,Apakah DetoGreen Tea aman digunakan setiap hari?,Apakah DetoGreen Tea aman digunakan setiap hari?,"Gunakan sesuai petunjuk pada kemasan. Jika digunakan dalam jangka panjang, konsultasikan dengan tenaga kesehatan bila diperlukan.",faq,"DetoGreen Tea,harian",published
DetoGreen Tea,FAQ,Apakah DetoGreen Tea menggantikan obat dokter?,Apakah DetoGreen Tea menggantikan obat dokter?,Tidak. DetoGreen Tea bukan pengganti obat atau terapi dari dokter.,faq,"DetoGreen Tea,faq",published
DetoGreen Tea,Manfaat,Apa manfaat DetoGreen Tea?,Apa manfaat DetoGreen Tea?,DetoGreen Tea dirancang untuk membantu sesuai tujuan penggunaan produk sebagai bagian dari pola hidup sehat.,product,"DetoGreen Tea,manfaat",published
DetoGreen Tea,FAQ,Apa yang harus dilakukan jika lupa menggunakan DetoGreen Tea?,Apa yang harus dilakukan jika lupa menggunakan DetoGreen Tea?,Gunakan kembali sesuai jadwal berikutnya dan jangan menggandakan penggunaan.,faq,"DetoGreen Tea,lupa",published
DetoGreen Tea,Penggunaan,Bagaimana cara menggunakan DetoGreen Tea?,Bagaimana cara menggunakan DetoGreen Tea?,Gunakan DetoGreen Tea sesuai petunjuk penggunaan pada kemasan. Ikuti aturan penggunaan dan hentikan pemakaian bila terjadi reaksi yang tidak diinginkan.,sop,"DetoGreen Tea,cara",published
DetoGreen Tea,Penyimpanan,Bagaimana cara menyimpan DetoGreen Tea?,Bagaimana cara menyimpan DetoGreen Tea?,"Simpan DetoGreen Tea di tempat yang sejuk, kering, dan terhindar dari sinar matahari langsung.",product,"DetoGreen Tea,penyimpanan",published
DetoGreen Tea,FAQ,Bagaimana jika muncul reaksi yang tidak diinginkan setelah menggunakan DetoGreen Tea?,Bagaimana jika muncul reaksi yang tidak diinginkan setelah menggunakan DetoGreen Tea?,Hentikan penggunaan dan konsultasikan dengan tenaga kesehatan apabila keluhan berlanjut.,faq,"DetoGreen Tea,efek",published
DetoGreen Tea,FAQ,Kapan sebaiknya menggunakan DetoGreen Tea?,Kapan sebaiknya menggunakan DetoGreen Tea?,Gunakan DetoGreen Tea sesuai kebutuhan dan aturan penggunaan yang tercantum pada kemasan.,faq,"DetoGreen Tea,waktu",published
DetoGreen Tea,Peringatan,Siapa yang perlu berhati-hati menggunakan DetoGreen Tea?,Siapa yang perlu berhati-hati menggunakan DetoGreen Tea?,"Ibu hamil, ibu menyusui, anak-anak, atau pengguna dengan kondisi kesehatan tertentu sebaiknya berkonsultasi dengan tenaga kesehatan sebelum menggunakan DetoGreen Tea.",product,"DetoGreen Tea,peringatan",published
Gerd Zero Pro,Produk,Apa itu Gerd Zero Pro?,Apa itu Gerd Zero Pro?,Gerd Zero Pro merupakan produk dari PT Naturalva Herba Indonesia yang digunakan sesuai petunjuk pada kemasan.,product,"Gerd Zero Pro,produk",published
Gerd Zero Pro,FAQ,Apakah Gerd Zero Pro aman digunakan setiap hari?,Apakah Gerd Zero Pro aman digunakan setiap hari?,"Gunakan sesuai petunjuk pada kemasan. Jika digunakan dalam jangka panjang, konsultasikan dengan tenaga kesehatan bila diperlukan.",faq,"Gerd Zero Pro,harian",published
Gerd Zero Pro,FAQ,Apakah Gerd Zero Pro menggantikan obat dokter?,Apakah Gerd Zero Pro menggantikan obat dokter?,Tidak. Gerd Zero Pro bukan pengganti obat atau terapi dari dokter.,faq,"Gerd Zero Pro,faq",published
Gerd Zero Pro,Manfaat,Apa manfaat Gerd Zero Pro?,Apa manfaat Gerd Zero Pro?,Gerd Zero Pro dirancang untuk membantu sesuai tujuan penggunaan produk sebagai bagian dari pola hidup sehat.,product,"Gerd Zero Pro,manfaat",published
Gerd Zero Pro,FAQ,Apa yang harus dilakukan jika lupa menggunakan Gerd Zero Pro?,Apa yang harus dilakukan jika lupa menggunakan Gerd Zero Pro?,Gunakan kembali sesuai jadwal berikutnya dan jangan menggandakan penggunaan.,faq,"Gerd Zero Pro,lupa",published
Gerd Zero Pro,Penggunaan,Bagaimana cara menggunakan Gerd Zero Pro?,Bagaimana cara menggunakan Gerd Zero Pro?,Gunakan Gerd Zero Pro sesuai petunjuk penggunaan pada kemasan. Ikuti aturan penggunaan dan hentikan pemakaian bila terjadi reaksi yang tidak diinginkan.,sop,"Gerd Zero Pro,cara",published
Gerd Zero Pro,Penyimpanan,Bagaimana cara menyimpan Gerd Zero Pro?,Bagaimana cara menyimpan Gerd Zero Pro?,"Simpan Gerd Zero Pro di tempat yang sejuk, kering, dan terhindar dari sinar matahari langsung.",product,"Gerd Zero Pro,penyimpanan",published
Gerd Zero Pro,FAQ,Bagaimana jika muncul reaksi yang tidak diinginkan setelah menggunakan Gerd Zero Pro?,Bagaimana jika muncul reaksi yang tidak diinginkan setelah menggunakan Gerd Zero Pro?,Hentikan penggunaan dan konsultasikan dengan tenaga kesehatan apabila keluhan berlanjut.,faq,"Gerd Zero Pro,efek",published
Gerd Zero Pro,FAQ,Kapan sebaiknya menggunakan Gerd Zero Pro?,Kapan sebaiknya menggunakan Gerd Zero Pro?,Gunakan Gerd Zero Pro sesuai kebutuhan dan aturan penggunaan yang tercantum pada kemasan.,faq,"Gerd Zero Pro,waktu",published
Gerd Zero Pro,Peringatan,Siapa yang perlu berhati-hati menggunakan Gerd Zero Pro?,Siapa yang perlu berhati-hati menggunakan Gerd Zero Pro?,"Ibu hamil, ibu menyusui, anak-anak, atau pengguna dengan kondisi kesehatan tertentu sebaiknya berkonsultasi dengan tenaga kesehatan sebelum menggunakan Gerd Zero Pro.",product,"Gerd Zero Pro,peringatan",published
